V1,V2,V3,V4,V5,V6,V7,V8,V9,V10,V11,V12,V13,V14,V15,V16,V17,V18,V19
0,1,1,0,1,0,0,0,0,0,0,NA,NA,NA,NA,NA,NA,NA,0
1,0,1,0,1,0,0,0,0,0,0,NA,NA,NA,NA,NA,NA,NA,0
1,1,0,1,0,0,0,0,0,1,0,NA,NA,NA,NA,NA,NA,NA,0
0,0,1,0,1,1,0,0,0,0,0,NA,NA,NA,NA,NA,NA,NA,0
1,1,0,1,0,0,1,0,1,0,1,NA,NA,NA,NA,NA,NA,NA,0
0,0,0,1,0,0,1,1,1,1,1,NA,NA,NA,NA,NA,NA,NA,1
0,0,0,0,1,1,0,0,1,0,1,NA,NA,NA,NA,NA,NA,NA,1
0,0,0,0,0,1,0,0,0,1,1,NA,NA,NA,NA,NA,NA,NA,1
0,0,0,0,1,1,1,0,0,1,1,NA,NA,NA,NA,NA,NA,NA,1
0,0,0,0,0,1,0,1,1,0,1,NA,NA,NA,NA,NA,NA,NA,1
0,0,0,0,1,1,1,1,1,1,0,NA,NA,NA,NA,NA,NA,NA,1
NA,NA,NA,NA,NA,NA,NA,NA,NA,NA,NA,NA,NA,NA,NA,NA,NA,NA,NA
NA,NA,NA,NA,NA,NA,NA,NA,NA,NA,NA,NA,NA,NA,NA,NA,NA,NA,1
NA,NA,NA,NA,NA,NA,NA,NA,NA,NA,NA,NA,NA,NA,NA,NA,NA,NA,0
NA,NA,NA,NA,NA,NA,NA,NA,NA,NA,NA,NA,NA,NA,NA,NA,NA,NA,1
NA,NA,NA,NA,NA,NA,NA,NA,NA,NA,NA,NA,NA,NA,NA,NA,NA,NA,0
NA,NA,NA,NA,NA,NA,NA,NA,NA,NA,NA,NA,NA,NA,NA,NA,NA,NA,1
NA,NA,NA,NA,NA,NA,NA,NA,NA,NA,NA,NA,NA,NA,NA,NA,NA,NA,1
0,0,0,0,0,1,1,1,1,1,1,NA,1,0,1,0,1,1,0
